City_ID,City,Lat,Lng,Max Temp,Humidity,Cloudiness,Wind Speed,Country,Date
0,kodiak,57.79,-152.4072,35.11,100,100,4.61,US,1708989434
1,isafjordur,66.0755,-23.124,33.8,88,86,2.26,IS,1708989419
2,tazovsky,67.4667,78.7,17.89,93,68,12.39,RU,1708989443
3,forster,-32.1667,152.5167,80.29,70,89,2.66,AU,1708989463
4,bethel,41.3712,-73.414,46.63,66,42,1.01,US,1708989424
5,vanimo,-2.6741,141.3028,79.34,89,100,5.19,PG,1708989529
6,tura,25.5198,90.2201,58.66,42,100,3.04,IN,1708989442
7,cidreira,-30.1811,-50.2056,73.0,96,100,18.79,BR,1708989452
8,conception bay south,47.4999,-52.9981,26.92,95,100,5.48,CA,1708989529
9,albany,42.6001,-73.9662,44.44,60,61,1.99,US,1708989279
10,port-aux-francais,-49.35,70.2167,41.58,73,6,20.87,TF,1708989431
11,west island,-12.1568,96.8225,82.62,72,27,12.68,CC,1708989432
12,stanley,54.868,-1.6985,34.72,94,0,3.44,GB,1708989443
13,crane,31.3974,-102.3501,86.31,14,99,7.74,US,1708989430
14,new norfolk,-42.7826,147.0587,65.91,48,2,2.77,AU,1708989426
15,adamstown,-25.066,-130.1015,78.1,76,98,4.45,PN,1708989419
16,ebon,4.582,168.6964,82.67,79,88,12.86,MH,1708989530
17,olyokminsk,60.3736,120.4264,-23.03,100,96,1.12,RU,1708989530
18,tapejara,-28.0681,-52.0139,68.74,98,99,3.4,BR,1708989500
19,ipora,-16.4419,-51.1178,77.27,70,73,1.48,BR,1708989531
20,bilibino,68.0546,166.4372,-23.87,97,100,2.17,RU,1708989441
21,touros,-5.1989,-35.4608,80.69,81,52,9.37,BR,1708989472
22,bredy,52.4153,60.3411,6.98,86,5,5.73,RU,1708989531
23,nabire,-3.3667,135.4833,77.79,91,100,2.59,ID,1708989531
24,cururupu,-1.8283,-44.8683,74.7,98,99,2.84,BR,1708989531
25,iqaluit,63.7506,-68.5145,-11.47,70,40,6.91,CA,1708989422
26,merizo village,13.2658,144.6691,81.16,81,84,14.23,GU,1708989531
27,ribeira grande,38.5167,-28.7,60.78,78,0,11.01,PT,1708989419
28,port mathurin,-19.6833,63.4167,78.87,72,14,17.4,MU,1708989434
29,san andres,12.5847,-81.7006,82.42,69,20,12.66,CO,1708989289
30,el nido,11.1858,119.3956,78.73,72,79,19.98,PH,1708989532
31,waitangi,-43.9535,-176.5597,61.83,97,100,5.99,NZ,1708989423
32,ilulissat,69.2167,-51.1,1.42,66,100,10.36,GL,1708989427
33,remire-montjoly,4.9167,-52.2667,78.84,83,0,2.3,GF,1708989491
34,kailua-kona,19.6406,-155.9956,80.51,75,75,8.05,US,1708989532
35,hawaiian paradise park,19.5933,-154.9731,74.03,82,100,4.61,US,1708989420
36,cabo san lucas,22.8909,-109.9124,84.51,36,20,9.22,MX,1708989421
37,puerto natales,-51.7236,-72.4875,59.7,73,77,2.39,CL,1708989418
38,bcharre,34.2508,36.0106,42.49,67,90,4.63,LB,1708989533
39,papatowai,-46.5619,169.4708,61.12,71,83,6.04,NZ,1708989430
40,laguna,38.421,-121.4238,67.28,63,40,12.66,US,1708989420
41,qaqortoq,60.7167,-46.0333,3.49,90,14,6.04,GL,1708989449
42,piacabucu,-10.4056,-36.4344,80.4,79,85,6.06,BR,1708989535
43,hermansverk,61.1846,6.8502,36.05,86,100,0.0,NO,1708989535
44,kendari,-3.945,122.4989,76.69,93,100,2.57,ID,1708989535
45,klosterneuburg,48.3052,16.3252,50.68,68,96,5.99,AT,1708989535
46,margaret river,-33.95,115.0667,61.09,58,57,15.88,AU,1708989421
47,olonkinbyen,70.9221,-8.7187,31.12,99,100,12.26,SJ,1708989444
48,'ali sabieh,11.1558,42.7125,73.53,79,2,8.03,DJ,1708989536
49,grytviken,-54.2811,-36.5092,33.12,87,69,8.99,GS,1708989422
50,blackmans bay,-43.0167,147.3167,64.72,58,3,1.99,AU,1708989433
51,tsiombe,-25.3,45.4833,76.77,88,29,3.38,MG,1708989536
52,constantia,44.1833,28.65,45.7,92,100,10.16,RO,1708989449
53,kristiansund,63.1115,7.732,32.65,86,20,0.0,NO,1708989536
54,bredasdorp,-34.5322,20.0403,62.44,71,4,13.11,ZA,1708989420
55,acapulco de juarez,16.8634,-99.8901,84.02,65,0,13.8,MX,1708989217
56,kashgar,39.4547,75.9797,31.21,55,71,4.47,CN,1708989536
57,emirgazi,37.9022,33.8372,44.44,77,100,5.14,TR,1708989536
58,wailua homesteads,22.0669,-159.378,77.43,78,20,18.41,US,1708989453
59,lake havasu city,34.4839,-114.3224,74.23,22,0,12.66,US,1708989537
60,avarua,-21.2078,-159.775,84.25,84,40,4.61,CK,1708989425
61,garden city,42.3256,-83.331,52.21,59,75,11.5,US,1708989537
62,fortuna,40.5982,-124.1573,52.14,86,75,14.97,US,1708989495
63,petropavlovsk-kamchatsky,53.0452,158.6483,1.99,72,0,11.18,RU,1708989404
64,college,64.8569,-147.8028,16.12,40,20,9.22,US,1708989445
65,zaragoza,41.6561,-0.8773,49.48,63,40,28.77,ES,1708989537
66,buka,40.8108,69.1986,35.78,91,100,3.58,UZ,1708989481
67,edinburgh of the seven seas,-37.0676,-12.3116,63.09,90,100,19.53,SH,1708989429
68,sumbawanga,-7.9667,31.6167,57.56,95,100,3.04,TZ,1708989537
69,rio grande,-32.035,-52.0986,70.95,93,100,25.1,BR,1708989489
70,georgetown,5.4112,100.3354,80.53,69,20,4.61,MY,1708989215
71,pathein,16.7833,94.7333,72.81,78,7,7.14,MM,1708989520
72,shenjiamen,29.9576,122.298,43.03,77,100,13.0,CN,1708989538
73,invercargill,-46.4,168.35,62.02,75,100,1.99,NZ,1708989404
74,maturin,9.75,-63.1767,85.84,54,41,12.66,VE,1708989273
75,santa ana,33.7456,-117.8678,67.41,73,100,17.27,US,1708989524
76,port isabel,26.0734,-97.2086,78.84,76,0,21.85,US,1708989538
77,banga,6.4239,124.7783,76.91,77,78,1.28,PH,1708989538
78,anadyr,64.75,177.4833,10.9,79,75,15.66,RU,1708989431
79,ponta delgada,37.7333,-25.6667,57.92,67,20,6.91,PT,1708989539
80,arawa,-6.2132,155.5367,80.24,86,99,0.83,PG,1708989539
81,kegen,43.0197,79.2203,-0.74,92,85,3.71,KZ,1708989539
82,sao jose do rio pardo,-21.5956,-46.8886,74.64,81,98,3.76,BR,1708989539
83,severo-yeniseyskiy,60.3725,93.0408,-21.42,100,95,4.0,RU,1708989464
84,ust-nera,64.5667,143.2,-32.57,98,75,4.18,RU,1708989437
85,ulvila,61.4284,21.871,30.27,100,100,3.44,FI,1708989539
86,jamestown,42.097,-79.2353,49.46,84,95,6.46,US,1708989177
87,karymskoye,51.6167,114.35,-17.75,99,23,2.24,RU,1708989540
88,magdagachi,53.45,125.8,-17.63,100,87,2.98,RU,1708989540
89,selfoss,63.9331,-20.9971,35.04,98,100,5.97,IS,1708989540
90,chonchi,-42.6128,-73.8092,60.12,78,94,0.76,CL,1708989435
91,uturoa,-16.7333,-151.4333,84.25,74,44,8.97,PF,1708989478
92,aasiaat,68.7098,-52.8699,-7.6,94,100,9.04,GL,1708989465
93,banda aceh,5.5577,95.3222,79.77,81,56,10.07,ID,1708989478
94,yellowknife,62.456,-114.3525,-9.58,71,75,14.97,CA,1708989359
95,iskateley,67.6803,53.1512,30.02,94,100,17.0,RU,1708989456
96,eureka,40.8021,-124.1637,52.41,74,100,8.99,US,1708989281
97,paita,-5.0892,-81.1144,79.77,73,33,10.4,PE,1708989541
98,hamilton,39.1834,-84.5333,71.55,35,0,9.22,US,1708989347
99,haapsalu,58.9431,23.5414,34.92,99,100,3.87,EE,1708989541
100,kemise,10.7167,39.8667,70.41,46,66,1.66,ET,1708989553
101,ilheus,-14.7889,-39.0494,82.22,83,20,4.61,BR,1708989553
102,general pico,-35.6566,-63.7568,72.14,84,99,4.52,AR,1708989553
103,klyuchi,52.2667,79.1667,6.58,99,91,1.19,RU,1708989437
104,mahibadhoo,3.7833,72.9667,82.2,81,100,11.9,MV,1708989466
105,tiksi,71.6872,128.8694,-2.72,87,100,27.2,RU,1708989429
106,altai,46.3722,96.2583,-9.35,70,38,1.32,MN,1708989563
107,labrador city,52.9463,-66.9114,20.17,95,100,5.75,CA,1708989523
108,punta del este,-34.9667,-54.95,68.11,92,100,8.99,UY,1708989564
109,ishigaki,24.3448,124.1572,62.73,88,75,6.91,JP,1708989564
110,matias barbosa,-21.8692,-43.3194,71.87,96,88,0.87,BR,1708989568
111,hami,42.8,93.45,23.0,51,1,7.49,CN,1708989464
112,dapa,9.7594,126.0531,80.31,69,99,13.67,PH,1708989569
113,udaipura,23.0833,78.5,67.73,43,39,7.99,IN,1708989569
114,tolanaro,-25.0319,46.9987,76.08,94,3,11.1,MG,1708989447
115,grand falls-windsor,48.9332,-55.6649,16.74,92,94,3.36,CA,1708989570
116,murghob,38.1702,73.9667,-3.15,96,83,3.65,TJ,1708989570
117,codrington,-38.2667,141.9667,64.02,54,0,9.35,AU,1708989454
118,walvis bay,-22.9575,14.5053,61.09,94,7,2.8,NA,1708989366
119,dongola,19.1667,30.4833,69.06,15,28,9.75,SD,1708989570
120,boa vista,2.8197,-60.6733,89.58,43,0,5.75,BR,1708989570
121,vadso,70.0744,29.7487,30.36,86,20,16.11,NO,1708989445
122,sola,-13.8833,167.55,88.47,74,75,0.0,VU,1708989571
123,sinabang,2.4803,96.3801,81.07,79,72,0.43,ID,1708989468
124,lubango,-14.9172,13.4925,63.93,90,100,4.63,AO,1708989571
125,karratha,-20.7377,116.8463,84.88,57,100,12.26,AU,1708989571
126,cooma,-36.2333,149.1333,64.83,58,81,7.81,AU,1708989571
127,port alfred,-33.5906,26.891,65.46,51,97,5.01,ZA,1708989425
128,una,20.8167,71.0333,74.05,33,3,6.35,IN,1708989572
129,zhezqazghan,47.7833,67.7667,12.78,79,100,11.18,KZ,1708989572
130,kidal,18.4411,1.4078,78.8,12,39,3.0,ML,1708989572
131,kavaratti,10.5669,72.642,81.91,70,68,6.58,IN,1708989526
132,ouro sogui,15.6,-13.3167,84.06,8,23,9.35,SN,1708989572
133,baiti,13.745,-14.7482,87.1,9,28,8.14,SN,1708989573
134,ugoofaaru,5.6667,73.0,82.62,81,100,14.63,MV,1708989573
135,ciudad lazaro cardenas,17.9583,-102.2,80.67,69,5,10.29,MX,1708989573
136,bodden town,19.2833,-81.25,78.8,65,40,11.5,KY,1708989573
137,longyearbyen,78.2186,15.6401,6.64,78,40,9.22,SJ,1708989423
138,khanty-mansiysk,61.0042,69.0019,30.31,93,20,4.47,RU,1708989573
139,dhidhdhoo,6.8833,73.1,82.65,76,82,11.95,MV,1708989574
140,baihe,22.15,107.2333,46.69,88,100,4.47,CN,1708989574
141,khash,28.2211,61.2158,40.35,90,67,4.61,IR,1708989574
142,plastun,44.7561,136.2939,17.96,64,2,6.6,RU,1708989574
143,st. john's,47.5649,-52.7093,27.16,94,100,6.91,CA,1708989461
144,puerto ayora,-0.7393,-90.3518,82.54,85,62,11.99,EC,1708989421
145,cooper's town,26.8667,-77.5167,68.68,51,0,5.7,BS,1708989574
146,juan griego,11.0817,-63.9655,82.53,69,51,16.11,VE,1708989575
147,lupane,-18.9315,27.807,73.56,70,87,12.21,ZW,1708989575
148,olinda,-8.0089,-34.8553,83.93,74,40,13.8,BR,1708989575
149,badger,64.8,-147.5333,16.05,45,20,9.22,US,1708989428
150,aranda de duero,41.6704,-3.6892,36.16,89,99,23.94,ES,1708989575
151,harrisburg,40.2737,-76.8844,54.3,56,75,3.44,US,1708989575
152,talnakh,69.4865,88.3972,11.21,96,100,17.07,RU,1708989465
153,khrenovoye,51.12,40.2889,22.08,76,100,10.2,RU,1708989575
154,kayangel,8.0823,134.7173,80.46,85,100,23.51,PW,1708989423
155,flin flon,54.7682,-101.865,-0.56,42,40,12.66,CA,1708989576
156,las palmas,28.4204,-14.0131,63.39,72,20,21.85,ES,1708989576
157,uliastay,47.7417,96.8444,-16.58,77,29,6.98,MN,1708989576
158,troitsk,54.0979,61.5773,7.02,87,43,5.01,RU,1708989576
159,whitehorse,60.7161,-135.0538,10.02,52,84,10.0,CA,1708989246
160,enoch,37.7733,-113.0244,55.65,32,0,21.85,US,1708989576
161,nieves,15.3274,120.9485,74.71,78,8,2.71,PH,1708989577
162,wenchang,30.904,118.4887,33.17,85,52,3.94,CN,1708989577
163,haiku-pauwela,20.9219,-156.3051,77.02,66,20,16.11,US,1708989444
164,nar'yan-mar,67.6713,53.087,30.11,94,100,17.0,RU,1708989577
165,siwa oasis,29.2041,25.5195,56.73,49,1,9.48,EG,1708989484
166,chui,-33.6971,-53.4616,68.7,95,100,17.98,UY,1708989577
167,coquimbo,-29.9533,-71.3436,67.73,77,40,10.36,CL,1708989135
168,maralal,1.0968,36.698,63.95,72,95,3.04,KE,1708989578
169,cacoal,-11.4386,-61.4472,73.63,98,90,3.04,BR,1708989578
170,tubarjal,30.4999,38.216,55.44,47,64,9.19,SA,1708989578
171,fort bragg,35.139,-79.006,67.84,34,75,9.22,US,1708989227
172,guasave,25.5667,-108.45,88.18,16,87,10.67,MX,1708989578
173,enewetak,11.3474,162.3373,80.49,78,51,10.07,MH,1708989461
174,marka,1.7159,44.7717,80.1,77,100,15.14,SO,1708989578
175,roma,43.2128,-75.4557,44.74,62,0,4.61,US,1708989579
176,trogir,43.5125,16.2517,58.78,93,0,4.61,HR,1708989579
177,san luis de la loma,17.2706,-100.8939,81.93,64,66,9.66,MX,1708989489
178,la passe,45.5549,-0.8967,43.03,91,100,24.49,FR,1708989472
179,fale old settlement,-9.3852,-171.2468,83.21,78,100,17.76,TK,1708989479
180,udachny,66.4167,112.4,-24.16,89,54,7.25,RU,1708989436
181,alexandria,31.2156,29.9553,55.94,65,65,10.78,EG,1708989329
182,luganville,-15.5333,167.1667,84.36,76,98,2.28,VU,1708989364
183,vilyuysk,63.7553,121.6247,-36.99,100,49,1.99,RU,1708989509
184,novaya igirma,57.1334,103.9112,-5.01,100,100,2.1,RU,1708989580
185,virginia,37.5481,-77.4467,63.18,51,75,9.22,US,1708989538
186,nova sintra,14.8667,-24.7167,67.01,76,1,20.87,CV,1708989422
187,santiago,-33.4569,-70.6483,86.34,37,0,16.11,CL,1708989386
188,sao joao da barra,-21.6403,-41.0511,78.89,83,78,4.45,BR,1708989580
189,east ballina,-28.8667,153.5833,75.79,74,31,12.33,AU,1708989580
190,colonia,50.9333,6.95,45.59,82,100,6.91,DE,1708989581
191,alsunga,56.9819,21.5594,37.04,93,100,3.98,LV,1708989581
192,ushuaia,-54.8,-68.3,60.46,67,0,2.3,AR,1708989423
193,punta arenas,-53.15,-70.9167,55.51,82,0,10.36,CL,1708989447
194,monchique,37.3177,-8.5553,47.14,66,3,17.96,PT,1708989581
195,kokopo,-4.352,152.2633,82.51,72,99,3.91,PG,1708989581
196,kargasok,59.0556,80.8572,1.96,96,100,8.01,RU,1708989581
197,kingston,17.997,-76.7936,78.21,84,75,6.91,JM,1708989494
198,nikolayevsk-on-amure,53.1406,140.73,2.37,92,81,1.66,RU,1708989496
199,port elizabeth,-33.918,25.5701,62.31,81,88,3.74,ZA,1708989426
200,tarancon,40.0085,-3.0073,38.82,75,76,23.24,ES,1708989582
201,saint-philippe,-21.3585,55.7679,78.39,87,68,15.7,RE,1708989465
202,skovorodino,53.9833,123.9167,-13.85,96,91,3.27,RU,1708989582
203,illizi,26.4833,8.4667,58.8,20,0,3.33,DZ,1708989448
204,vila franca do campo,37.7167,-25.4333,57.61,78,6,10.2,PT,1708989451
205,loum,4.7182,9.7351,77.45,88,56,1.25,CM,1708989582
206,tazacorte,28.629,-17.9293,65.37,74,75,21.99,ES,1708989582
207,nishinoomote,30.7333,131.0,54.3,69,100,25.21,JP,1708989582
208,agat village,13.3886,144.6585,81.54,72,20,12.66,GU,1708989583
209,tofol,5.3248,163.0078,85.78,79,75,2.3,FM,1708989421
210,tichigan,42.8289,-88.1976,64.49,51,0,9.22,US,1708989583
211,port blair,11.6667,92.75,75.24,94,72,1.14,IN,1708989583
212,terrace,54.5163,-128.6035,30.22,50,75,17.27,CA,1708989519
213,sake,-1.5736,29.045,62.82,96,100,1.28,CD,1708989583
214,labasa,-16.4167,179.3833,87.01,69,23,6.4,FJ,1708989583
215,sinop,41.7711,34.8709,49.26,59,100,4.29,TR,1708989584
216,salalah,17.0151,54.0924,75.29,73,0,2.3,OM,1708989460
217,mount isa,-20.7333,139.5,74.97,94,75,9.22,AU,1708989584
218,az zarqa,32.0728,36.088,53.51,62,99,0.0,JO,1708989584
219,puerto baquerizo moreno,-0.9,-89.6,80.71,75,24,13.4,EC,1708989432
220,nyandoma,61.669,40.1991,28.47,97,100,7.02,RU,1708989584
221,tidjikja,18.5564,-11.4271,75.31,10,2,1.21,MR,1708989516
222,zaozersk,69.4005,32.4476,29.82,88,100,20.02,RU,1708989499
223,homer,59.6425,-151.5483,33.69,58,100,4.61,US,1708989584
224,songyuan,45.1171,124.8568,9.66,71,100,8.16,CN,1708989585
225,kudahuvadhoo,2.6708,72.8944,82.49,80,100,13.51,MV,1708989585
226,quellon,-43.1167,-73.6167,57.96,88,99,2.39,CL,1708989585
227,baganga,7.5739,126.56,77.16,88,97,10.4,PH,1708989585
228,poshekhon'ye,58.4993,39.1353,24.22,87,99,10.92,RU,1708989585
229,yuzhno-kurilsk,44.0306,145.8556,25.38,85,100,14.23,RU,1708989585
230,durango,24.8333,-104.8333,80.31,7,58,15.68,MX,1708989360
231,vorgashor,67.5833,63.95,30.43,96,100,15.12,RU,1708989447
232,diepsloot,-25.9308,28.0123,67.98,89,30,1.01,ZA,1708989586
233,kurmuk,10.55,34.2833,84.52,20,100,8.08,SD,1708989586
234,yaren,-0.5472,166.916,83.82,75,70,8.41,NR,1708989586
235,saipan,15.1355,145.701,81.3,61,20,6.91,MP,1708989463
236,villa gesell,-37.2639,-56.973,72.05,87,11,13.38,AR,1708989444
237,guamal,9.1433,-74.2238,88.11,47,86,2.26,CO,1708989586
238,ancud,-41.8697,-73.8203,60.39,82,66,5.91,CL,1708989437
239,chibougamau,49.9168,-74.3659,4.62,85,20,3.44,CA,1708989425
240,funafuti,-8.5243,179.1942,91.4,66,40,6.91,TV,1708989587
241,katsuren-haebaru,26.3369,127.8719,65.17,79,100,9.22,JP,1708989500
242,palikir - national government center,6.9248,158.1611,83.25,89,75,6.91,FM,1708989587
243,voronezh,51.6664,39.17,26.46,63,0,11.18,RU,1708989587
244,kabalo,-6.05,26.9167,67.48,98,99,0.25,CD,1708989587
245,yuxia,34.0615,108.6291,32.61,76,36,3.74,CN,1708989587
246,aykhal,66.0,111.5,-19.77,93,45,9.51,RU,1708989448
247,fruita,39.1589,-108.729,65.57,22,0,19.57,US,1708989587
248,owando,-0.4819,15.8999,73.42,90,83,2.13,CG,1708989587
249,kalmunai,7.4167,81.8167,79.07,85,69,10.85,LK,1708989588
250,san antonio de pale,-1.4014,5.6325,83.25,78,99,6.11,GQ,1708989499
251,grudki,53.0949,23.6685,48.25,88,100,9.75,PL,1708989588
252,ust'-kut,56.7938,105.7672,-9.56,100,100,1.99,RU,1708989588
253,lazaro cardenas,17.9583,-102.2,80.67,69,5,10.29,MX,1708989328
254,santa marta de tormes,40.9506,-5.6272,35.04,82,11,23.0,ES,1708989588
255,usogorsk,63.4106,48.6872,33.67,98,100,7.92,RU,1708989588
256,queenstown,-31.8976,26.8753,47.41,91,16,3.6,ZA,1708989494
257,santa cruz cabralia,-16.2781,-39.0247,79.03,94,20,2.3,BR,1708989589
258,nemuro,43.3236,145.575,28.65,79,100,30.62,JP,1708989418
259,zhigalovo,54.8097,105.1578,-8.68,100,99,1.39,RU,1708989589
260,pechora,65.1472,57.2244,31.86,98,100,11.01,RU,1708989589
261,isiro,2.7739,27.616,68.36,89,100,4.07,CD,1708989589
262,polyarnyy,69.1989,33.4478,32.05,83,100,21.3,RU,1708989501
263,vallenar,-28.5708,-70.7581,77.25,44,2,6.11,CL,1708989589
264,oulad teima,30.3947,-9.209,60.08,74,87,2.71,MA,1708989589
265,vernon,50.2581,-119.2691,40.75,48,100,2.3,CA,1708989510
266,hithadhoo,-0.6,73.0833,82.81,77,56,10.36,MV,1708989445
267,saudarkrokur,65.7461,-19.6394,38.16,97,100,5.68,IS,1708989447
268,alice springs,-23.7,133.8833,87.35,19,42,1.14,AU,1708989590
269,weno,7.4515,151.8468,81.63,81,79,15.7,FM,1708989455
270,port saint john's,-31.6229,29.5448,64.27,78,94,7.18,ZA,1708989465
271,hermanus,-34.4187,19.2345,62.8,73,0,19.22,ZA,1708989424
272,holualoa,19.6228,-155.9522,76.78,75,75,8.05,US,1708989590
273,rio preto da eva,-2.6994,-59.6997,72.59,99,100,1.14,BR,1708989590
274,wladyslawowo,54.7909,18.4009,44.15,91,100,10.42,PL,1708989590
275,kedougou,12.5579,-12.1743,86.11,11,37,1.81,SN,1708989590
276,katsuura,35.1333,140.3,42.82,50,50,33.31,JP,1708989436
277,aras-asan,8.8908,126.3033,79.02,77,88,13.35,PH,1708989469
278,kumagunnam,13.1551,10.6342,79.38,17,99,9.24,NG,1708989591
279,manismata,-2.4667,111.0333,74.35,99,96,2.57,ID,1708989591
280,el calafate,-50.3408,-72.2768,60.91,58,50,5.28,AR,1708989465
281,inebolu,41.9747,33.7608,50.68,80,100,3.47,TR,1708989591
282,monteagudo,-19.8167,-63.9833,77.32,63,59,6.26,BO,1708989591
283,auki,-8.7676,160.7034,81.99,83,100,3.4,SB,1708989518
284,sredneuralsk,56.9892,60.4666,24.15,73,98,10.63,RU,1708989592
285,andergrove,-21.0833,149.1833,85.64,82,100,13.89,AU,1708989592
286,utrik,11.2278,169.8474,80.31,79,59,16.78,MH,1708989420
287,rimouski,48.4488,-68.524,30.38,76,71,13.78,CA,1708989460
288,mejit,10.2753,170.8646,80.73,82,78,19.66,MH,1708989592
289,santyoku,37.4406,129.1708,37.06,66,100,7.83,KR,1708989592
290,hasaki,35.7333,140.8333,41.4,45,1,30.38,JP,1708989495
291,krivosheino,57.3431,83.9261,-13.32,100,69,2.89,RU,1708989592
292,egilsstadir,65.2653,-14.3948,42.71,75,100,3.44,IS,1708989503
293,vilyuchinsk,52.9306,158.4028,3.47,65,0,5.73,RU,1708989420
294,alaghsas,17.0187,8.0168,73.33,10,39,11.23,NE,1708989573
295,trondheim,63.4305,10.3951,33.89,91,79,3.58,NO,1708989485
296,kabala,9.5833,-11.55,78.69,39,49,5.3,SL,1708989593
297,kismayo,-0.3582,42.5454,81.72,81,88,12.57,SO,1708989593
298,cold lake,54.4502,-110.2017,-2.25,55,100,9.22,CA,1708989593
299,praia da vitoria,38.7333,-27.0667,60.76,72,75,13.13,PT,1708989467
300,porto murtinho,-21.6989,-57.8825,91.85,41,82,8.12,BR,1708989329
301,parnarama,-5.6817,-43.0933,75.9,93,100,2.48,BR,1708989593
302,nagqu,31.5,92.0,12.61,54,94,2.64,CN,1708989482
303,newcastle,-32.9272,151.7765,73.81,95,100,6.91,AU,1708989593
304,pandan,14.0453,124.1694,78.15,70,74,14.63,PH,1708989594
305,rongelap,11.1635,166.8941,79.75,83,41,18.37,MH,1708989505
306,nyagan,62.1406,65.3936,30.51,95,100,6.85,RU,1708989594
307,lihue,21.9789,-159.3672,78.04,73,20,18.41,US,1708989442
308,san pedro pochutla,15.7333,-96.4667,85.71,53,90,8.19,MX,1708989594
309,neiafu,-18.65,-173.9833,86.68,84,20,4.61,TO,1708989594
310,vukovar,45.3433,18.9997,50.07,93,0,5.75,HR,1708989594
311,kolonia town,6.964,158.206,84.31,89,75,6.91,FM,1708989595
312,afaahiti,-17.75,-149.2833,87.67,78,56,6.71,PF,1708989448
313,vorkuta,67.5,64.0,30.78,95,100,14.92,RU,1708989504
314,neusiedl am see,47.9357,16.8325,51.49,67,100,12.48,AT,1708989595
315,yamba,-5.9,22.3,68.45,99,97,1.79,CD,1708989595
316,ceeldheer,3.8488,47.1806,77.85,75,91,11.16,SO,1708989595
317,dongning,44.0622,131.1207,12.63,71,10,2.19,CN,1708989595
318,lerwick,60.1545,-1.1494,42.8,74,100,27.02,GB,1708989595
319,mugia,43.1041,-9.2179,49.91,63,61,24.34,ES,1708989520
320,maiyama,12.0841,4.3677,82.11,10,39,9.01,NG,1708989596
321,nuku'alofa,-21.1333,-175.2,86.34,89,40,11.5,TO,1708989521
322,wynyard,-41.0,145.7167,61.11,72,100,11.1,AU,1708989596
323,mountain home,43.133,-115.6912,38.43,87,100,14.97,US,1708989597
324,belmonte,-15.8631,-38.8828,78.19,89,10,7.2,BR,1708989597
325,rio verde de mato grosso,-18.9181,-54.8442,83.53,59,89,6.02,BR,1708989373
326,carnarvon,-24.8667,113.6333,76.68,82,66,15.88,AU,1708989598
327,susuman,62.7833,148.1667,-37.01,99,85,1.01,RU,1708989450
328,matoury,4.8483,-52.3317,78.76,83,0,2.3,GF,1708989598
329,saint-pierre,-21.3393,55.4781,78.48,83,30,19.57,RE,1708989598
330,kavieng,-2.5744,150.7967,83.32,74,100,2.06,PG,1708989599
331,altenstadt,50.2833,8.95,47.98,86,100,7.09,DE,1708989599
332,al markaz,25.4,49.7333,55.99,65,0,2.01,SA,1708989599
333,camana,-16.6228,-72.7111,75.56,83,99,8.05,PE,1708989599
334,oum hadjer,13.2954,19.6966,82.81,23,45,8.3,TD,1708989599
335,khandyga,62.6667,135.6,-36.9,100,100,2.57,RU,1708989599
336,atafu village,-8.5421,-172.5159,82.29,82,100,25.14,TK,1708989445
337,chemin grenier,-20.4872,57.4656,78.39,79,75,13.91,MU,1708989599
338,mantua,45.1667,10.7833,47.01,95,100,15.99,IT,1708989600
339,qamdo,31.1667,97.2333,15.22,72,65,5.37,CN,1708989600
340,brisas de zicatela,15.8369,-97.0419,84.72,65,40,5.75,MX,1708989600
341,corinto,37.9407,22.9573,54.9,86,60,3.96,GR,1708989600
342,oodweyne,9.4092,45.064,70.57,24,43,2.33,SO,1708989600
343,kiunga,-6.1219,141.2906,78.22,92,96,1.72,PG,1708989495
344,libenge,3.65,18.6333,80.38,48,37,3.89,CD,1708989601
345,san martin,-33.081,-68.4681,90.14,33,8,10.02,AR,1708989601
346,kourou,5.1552,-52.6478,78.85,75,7,8.25,GF,1708989601
347,acarau,-2.8856,-40.12,77.31,90,100,4.29,BR,1708989601
348,gadzhiyevo,69.2551,33.3362,31.21,82,100,22.32,RU,1708989453
349,hola,51.5377,23.1902,46.58,89,94,7.92,PL,1708989602
350,kombissiri,12.0656,-1.3375,84.18,21,78,5.37,BF,1708989602
351,page,36.9147,-111.4558,64.11,19,98,21.99,US,1708989304
352,kibakwe,-6.7167,36.3667,66.31,99,100,2.42,TZ,1708989603
353,jinka,5.65,36.65,71.87,47,64,1.63,ET,1708989604
354,arraial do cabo,-22.9661,-42.0278,77.29,88,79,9.6,BR,1708989430
355,smithers,54.7804,-127.1743,14.32,44,20,8.05,CA,1708989604
356,howrah,22.5892,88.3103,66.2,77,20,4.61,IN,1708989506
357,minas de marcona,-15.2119,-75.1103,68.43,79,82,15.55,PE,1708989604
358,rosalie,15.3667,-61.2667,77.7,73,63,9.31,DM,1708989605
359,dunedin,-45.8742,170.5036,61.97,74,89,8.08,NZ,1708989491
360,pritzwalk,53.1494,12.1741,40.59,90,96,9.13,DE,1708989605
361,sao vicente,-23.9631,-46.3919,82.58,26,100,1.99,BR,1708989356
362,callao,-12.0667,-77.15,83.71,73,0,14.97,PE,1708989576
363,bandon,51.7469,-8.7425,40.59,83,64,4.14,IE,1708989606
364,el alto,-4.2714,-81.2147,78.46,72,68,6.26,PE,1708989606
365,sakakah,29.9697,40.2064,49.57,47,63,11.79,SA,1708989607
366,luau,-10.7073,22.2247,62.64,98,82,1.41,AO,1708989607
367,thompson,55.7435,-97.8558,-5.64,45,75,9.22,CA,1708989435
368,richards bay,-28.783,32.0377,68.52,77,100,9.71,ZA,1708989435
369,northam,51.0333,-4.2167,42.62,80,6,8.79,GB,1708989453
370,suva,-18.1416,178.4415,87.28,79,40,6.91,FJ,1708989468
371,hammerfest,70.6634,23.6821,34.25,75,20,11.5,NO,1708989607
372,filadelfia,39.9523,-75.1638,56.12,54,75,4.61,US,1708989378
373,kirensk,57.7853,108.1119,-17.03,100,100,1.01,RU,1708989608
374,newman,37.3138,-121.0208,66.54,81,87,1.01,US,1708989467
375,isangel,-19.55,169.2667,86.11,79,100,2.3,VU,1708989608
376,bonthe,7.5264,-12.505,78.26,88,10,5.61,SL,1708989463
377,ouargaye,11.5033,0.0572,88.99,18,9,6.55,BF,1708989608
378,cromwell,41.5951,-72.6454,47.21,70,0,9.22,US,1708989608
379,zhangye,38.9342,100.4517,21.16,64,80,2.66,CN,1708989609
380,westport,41.1415,-73.3579,47.62,69,0,3.44,US,1708989540
381,saveh,35.0213,50.3566,28.4,90,100,7.94,IR,1708989609
382,darwin,-12.4611,130.8418,82.94,89,75,3.44,AU,1708989471
383,yarmouth,41.7057,-70.2286,44.15,90,0,17.27,US,1708989452
384,talcahuano,-36.7167,-73.1167,67.68,60,0,14.97,CL,1708989316
385,el bauga,18.262,33.9081,68.65,18,28,11.21,SD,1708989610
386,geraldton,-28.7667,114.6,72.01,78,75,17.27,AU,1708989359
387,tosontsengel,48.7567,98.2839,-20.07,99,99,0.04,MN,1708989610
388,berdigestyakh,62.0989,126.6992,-32.35,100,100,1.88,RU,1708989468
389,vila velha,-20.3297,-40.2925,78.94,88,40,2.3,BR,1708989610
390,lebu,-37.6167,-73.65,59.81,86,34,10.16,CL,1708989419
391,yazd,31.8972,54.3675,33.91,93,100,9.22,IR,1708989611
392,ha'il,27.5219,41.6907,51.82,43,0,2.3,SA,1708989611
393,lorengau,-2.0226,147.2712,84.15,70,78,1.99,PG,1708989438
394,aleksandrovsk-sakhalinskiy,50.8975,142.1561,2.57,93,44,2.39,RU,1708989411
395,wuwei,37.9281,102.6414,22.3,82,43,2.08,CN,1708989611
396,happy valley-goose bay,53.3168,-60.3315,25.11,80,75,8.05,CA,1708989312
397,biga,40.2281,27.2422,53.06,88,98,3.22,TR,1708989612
398,paracuru,-3.41,-39.0306,77.11,88,100,4.14,BR,1708989341
399,chittaurgarh,24.8833,74.6333,63.37,33,94,6.6,IN,1708989612
400,mitu,1.1983,-70.1733,73.9,98,81,3.22,CO,1708989377
401,prairie view,30.0933,-95.9877,80.78,77,81,13.73,US,1708989612
402,necochea,-38.5473,-58.7368,73.33,68,99,7.2,AR,1708989613
403,winnemucca,40.973,-117.7357,46.45,61,100,14.97,US,1708989411
404,chiang saen,20.2751,100.0869,67.8,52,1,1.1,TH,1708989613
405,merritt,50.1123,-120.7942,38.32,48,94,4.0,CA,1708989566
406,mount pleasant,32.7941,-79.8626,62.82,56,0,9.22,US,1708989614
407,umm kaddadah,13.6017,26.6876,72.86,14,26,11.81,SD,1708989614
408,sorochinsk,52.4338,53.1583,-1.7,86,87,1.95,RU,1708989614
409,narathiwat,6.3333,101.75,75.06,86,83,5.68,TH,1708989615
410,zapala,-38.8992,-70.0544,75.29,13,38,18.19,AR,1708989508
411,nadi,-17.8,177.4167,89.6,66,20,10.36,FJ,1708989615
412,togur,58.3631,82.8265,-7.85,100,96,4.0,RU,1708989450
413,insar,53.8653,44.3738,10.44,84,100,10.65,RU,1708989615
414,reggane,26.7158,0.1714,66.13,15,0,6.11,DZ,1708989432
415,sungailiat,-1.85,106.1333,79.5,87,80,7.54,ID,1708989616
416,omoku,5.3435,6.6532,82.56,75,48,3.96,NG,1708989616
417,mbuji-mayi,-6.15,23.6,69.03,96,99,1.77,CD,1708989617
418,mlangali,-9.7833,34.5167,60.8,96,100,3.8,TZ,1708989618
419,kone,-21.0595,164.8658,87.21,56,100,5.08,NC,1708989456
420,nizhniy odes,63.6445,54.856,27.57,97,100,8.14,RU,1708989618
421,saldanha,-33.0117,17.9442,64.2,64,0,13.13,ZA,1708989454
422,ad dilam,23.9915,47.1627,57.61,40,0,4.16,SA,1708989619
423,yuanping,38.7153,112.7575,23.63,94,96,1.54,CN,1708989619
424,missoula,47.0166,-113.8009,28.8,49,100,7.27,US,1708989620
425,moissala,8.3404,17.7663,83.37,25,98,1.52,TD,1708989620
426,tomatlan,19.9333,-105.25,83.08,55,2,9.15,MX,1708989621
427,lata,40.1629,-8.3327,47.07,76,1,8.3,PT,1708989466
428,ilawa,53.596,19.5685,43.79,93,100,5.93,PL,1708989622
429,valle vista,33.7478,-116.8934,64.02,62,100,3.0,US,1708989622
430,nova vicosa,-17.8919,-39.3719,78.22,88,17,7.83,BR,1708989496
431,naze,28.3667,129.4833,59.92,67,99,12.62,JP,1708989444
432,inirida,3.8653,-67.9239,80.44,77,100,2.19,CO,1708989623
433,chipinge,-20.1883,32.6236,65.28,97,94,4.5,ZW,1708989623
434,san patricio,28.017,-97.5169,85.15,65,96,15.32,US,1708989450
435,labe,11.3182,-12.2833,72.72,18,41,1.36,GN,1708989628
436,ketchikan,55.3422,-131.6461,31.33,37,0,13.8,US,1708989439
437,castillos,-34.1667,-53.8333,68.04,95,100,9.04,UY,1708989629
438,whiteville,34.3388,-78.7031,64.53,45,0,9.22,US,1708989629
439,shache,38.4167,77.2406,31.33,52,47,3.47,CN,1708989629
440,port lincoln,-34.7333,135.8667,70.39,72,3,8.19,AU,1708989451
441,ta`u,-14.2336,-169.5144,83.75,77,24,14.36,AS,1708989484
442,okhotsk,59.3833,143.3,-15.3,88,20,7.27,RU,1708989516
443,sitka,57.0531,-135.33,30.09,37,0,9.22,US,1708989247
444,rechka-vydrino,51.485,104.8461,7.02,94,100,3.94,RU,1708989630
445,ciechanow,52.8814,20.62,49.86,93,100,5.99,PL,1708989630
446,salamanca,40.8333,-6.0,34.99,88,2,7.23,ES,1708989630
447,keflavik,64.0049,-22.5624,37.83,93,75,17.27,IS,1708989457
448,altoona,40.5187,-78.3947,59.25,83,75,2.93,US,1708989481
449,buta,2.7858,24.73,73.65,77,98,2.24,CD,1708989630
450,hirara,24.8,125.2833,66.06,88,75,19.57,JP,1708989426
451,along,28.1667,94.7667,50.31,75,94,2.35,IN,1708989424
452,yanam,16.7333,82.2167,72.7,86,5,4.07,IN,1708989631
453,port macquarie,-31.4333,152.9167,80.89,66,76,4.23,AU,1708989516
454,ormara,25.2088,64.6357,71.74,55,9,16.98,PK,1708989631
455,pisco,-13.7,-76.2167,75.25,83,0,21.85,PE,1708989423
456,general conesa,-40.1,-64.4333,83.8,38,79,9.44,AR,1708989516
457,tindouf,27.6711,-8.1474,61.25,48,87,20.71,DZ,1708989632
458,nantucket,41.2835,-70.0995,42.94,93,0,11.5,US,1708989167
459,mapimi,25.8167,-103.85,84.67,9,84,1.39,MX,1708989632
460,taltal,-25.4,-70.4833,70.39,75,87,6.51,CL,1708989438
461,antigonish,45.6169,-61.9986,32.18,82,95,4.0,CA,1708989634
462,hwange,-18.3693,26.5019,76.37,64,71,5.44,ZW,1708989634
463,charters towers,-20.1,146.2667,78.69,80,100,7.2,AU,1708989635
464,east london,-33.0153,27.9116,65.32,59,100,5.66,ZA,1708989472
465,bereeda,11.8704,51.0579,75.4,79,44,11.18,SO,1708989635
466,demba,-5.51,22.2667,65.88,99,99,1.19,CD,1708989635
467,ondjiva,-17.0667,15.7333,79.14,34,86,9.24,AO,1708989629
468,san luis,-33.295,-66.3356,76.17,63,79,11.97,AR,1708989571
469,chambishi,-12.6325,28.0537,60.6,98,83,4.21,ZM,1708989636
470,tarko-sale,64.9225,77.785,21.04,95,100,14.72,RU,1708989636
471,freeport,40.6576,-73.5832,49.5,81,0,6.91,US,1708989430
472,yukhnov,54.7444,35.2297,26.38,92,61,7.2,RU,1708989636
473,sabang,5.8933,95.3214,83.71,76,56,21.34,ID,1708989637
474,mount gambier,-37.8333,140.7667,63.91,49,0,5.53,AU,1708989452
475,kruisfontein,-34.0033,24.7314,53.53,83,74,3.76,ZA,1708989497
476,tostado,-29.232,-61.7692,81.99,77,89,6.96,AR,1708989637
477,airuk,7.2772,168.8203,81.86,81,89,17.25,MH,1708989637
478,mazatlan,23.2167,-106.4167,78.76,77,20,5.75,MX,1708989455
479,nowshahr,36.649,51.496,35.55,93,100,9.22,IR,1708989637
480,alofi,-19.0595,-169.9187,85.89,79,40,10.36,NU,1708989435
481,machico,32.7,-16.7667,63.72,73,40,23.02,PT,1708989419
482,visakhapatnam,17.69,83.2093,74.1,83,29,5.41,IN,1708989638
483,lakhdenpokh'ya,61.5198,30.1992,30.74,99,100,3.56,RU,1708989638
484,licheng,23.2955,113.8284,52.32,72,100,5.64,CN,1708989638
485,jiwani,25.05,61.7417,72.82,80,59,13.13,PK,1708989638
486,buzuluk,52.7807,52.2635,-1.03,92,96,1.01,RU,1708989639
487,san jose,37.3394,-121.895,63.86,73,100,6.91,US,1708989580
488,lethem,3.3803,-59.7968,90.45,34,77,9.44,GY,1708989639
489,bhamo,24.2667,97.2333,61.09,71,5,1.23,MM,1708989639
490,grand island,40.925,-98.342,74.01,17,3,8.99,US,1708989639
491,ulanhot,46.0833,122.0833,15.28,43,100,7.96,CN,1708989564
492,tegueste,28.5167,-16.3167,61.09,91,75,11.01,ES,1708989640
493,novyy urengoy,66.0833,76.6333,23.0,94,97,11.39,RU,1708989640
494,launceston,-41.45,147.1667,67.64,52,75,11.5,AU,1708989587
495,ushibukamachi,32.1906,130.0228,45.95,64,26,21.3,JP,1708989640
496,miri,4.4148,114.0089,73.54,100,20,3.44,MY,1708989640
497,dhuusamarreeb,5.535,46.3861,74.32,77,100,12.41,SO,1708989641
498,kambove,-10.8764,26.5969,59.88,97,98,2.91,CD,1708989641
499,muscat,23.6139,58.5922,75.22,67,25,12.28,OM,1708989405
500,galesong,-5.3166,119.3661,75.22,82,100,4.21,ID,1708989641
501,la sarre,48.8002,-79.1996,18.28,85,98,7.76,CA,1708989639
502,kapuskasing,49.4169,-82.4331,23.09,74,100,12.66,CA,1708989526
503,roanoke rapids,36.4615,-77.6542,59.58,71,75,0.0,US,1708989641
504,mangrol,21.1167,70.1167,73.08,47,0,5.5,IN,1708989461
505,sandnessjoen,66.0217,12.6316,32.52,80,100,18.05,NO,1708989642
506,luderitz,-26.6481,15.1594,61.63,85,0,4.03,NA,1708989462
507,annaba,36.9,7.7667,58.96,72,40,9.22,DZ,1708989642
508,were ilu,10.6,39.4333,57.74,56,95,3.31,ET,1708989386
509,mednogorsk,51.4128,57.595,4.14,91,5,1.03,RU,1708989642
510,binhe,32.6883,112.8275,32.49,83,100,4.43,CN,1708989642
511,guerrero negro,27.9769,-114.0611,69.87,50,100,9.64,MX,1708989183
512,vel'sk,61.0701,42.0983,31.26,92,100,11.01,RU,1708989467
513,jangaon,17.7167,79.1833,68.18,91,1,9.24,IN,1708989643
514,tezonapa,18.6092,-96.6917,86.58,36,63,4.21,MX,1708989643
515,an nuhud,12.7,28.4333,72.88,14,81,13.51,SD,1708989643
516,morondava,-20.2833,44.2833,82.27,70,72,7.47,MG,1708989643
517,cabinda,-5.55,12.2,80.38,87,98,5.03,AO,1708989446
518,coronel oviedo,-25.4167,-56.45,84.15,61,99,4.97,PY,1708989643
519,las rosas,-32.4766,-61.5804,75.85,95,97,8.68,AR,1708989643
520,manicore,-5.8092,-61.3003,73.6,99,100,3.36,BR,1708989644
521,maceio,-9.6658,-35.7353,83.64,74,20,6.91,BR,1708989603
522,matipo,-20.2839,-42.3411,68.94,83,28,4.38,BR,1708989644
523,nadym,65.5333,72.5167,25.72,92,100,14.16,RU,1708989431
524,santa cruz,-17.8,-63.1667,82.45,69,40,9.22,BO,1708989644
525,skeldon,5.8833,-57.1333,77.36,78,11,7.31,GY,1708989644
526,lycksele,64.5954,18.6735,13.87,92,14,0.0,SE,1708989645
527,ribas do rio pardo,-20.4431,-53.7592,84.36,53,100,5.37,BR,1708989359
528,coron,11.9986,120.2043,77.77,71,97,13.73,PH,1708989645
529,petropavlivka,48.4564,36.4367,31.75,64,100,12.44,UA,1708989645
530,ulladulla,-35.35,150.4667,66.9,72,100,1.92,AU,1708989645
531,san lawrenz,36.0553,14.204,56.61,77,100,15.05,MT,1708989645
532,nyurba,63.2842,118.3319,-33.3,100,100,3.89,RU,1708989645
533,jwaneng,-24.6004,24.7303,65.25,35,0,7.38,BW,1708989645
534,sucre,-19.0333,-65.2627,62.4,66,85,7.07,BO,1708989646
535,shihezi,44.3,86.0333,1.63,94,100,3.94,CN,1708989646
536,malakal,9.5334,31.6605,87.98,18,52,10.36,SS,1708989646
537,casas grandes,30.3667,-107.95,73.26,19,100,24.85,MX,1708989646
538,lodwar,3.1191,35.5973,86.18,38,65,6.58,KE,1708989646
539,birnin kudu,11.4459,9.4984,78.08,18,36,6.6,NG,1708989647
540,piskivka,50.6938,29.6193,38.19,76,62,8.5,UA,1708989647
541,birjand,32.8663,59.2211,34.27,100,100,4.61,IR,1708989647
542,as sulayyil,20.4607,45.5779,64.65,43,0,8.14,SA,1708989647
543,east stroudsburg,40.9995,-75.1813,51.55,65,55,3.47,US,1708989647
544,varadero,23.1536,-81.2514,72.36,63,0,17.36,CU,1708989453
545,fada,9.5667,8.3,77.68,24,6,4.07,NG,1708989647
546,kongolo,-5.3833,27.0,66.74,98,90,1.01,CD,1708989647
547,es castell,39.8795,4.2854,47.08,100,0,4.61,ES,1708989648
548,nakasongola,1.3089,32.4564,70.93,76,100,5.14,UG,1708989648
549,dilling,12.05,29.65,75.43,13,70,11.03,SD,1708989648
550,askoy,60.4092,5.226,35.89,100,100,5.75,NO,1708989648
551,san matias,-16.3667,-58.4,84.31,54,88,5.48,BO,1708989648
552,dudinka,69.4058,86.1778,11.62,94,100,27.0,RU,1708989502
553,lesogorsk,56.0458,99.5136,-20.07,100,100,1.01,RU,1708989648
554,yulinshi,38.2906,109.7494,22.75,96,35,4.12,CN,1708989648
555,bamboo flat,11.7,92.7167,75.29,94,71,1.14,IN,1708989648
